{
  "relationships_following": [
    {
      "title": "",
      "media_list_data": [
        
      ],
      "string_list_data": [
        {
          "href": "https://www.instagram.com/follow._for._.follow._.back",
          "value": "follow._for._.follow._.back",
          "timestamp": 1755715663
        }
      ]
    },
    {
      "title": "",
      "media_list_data": [
        
      ],
      "string_list_data": [
        {
          "href": "https://www.instagram.com/follow_for_followback_60k",
          "value": "follow_for_followback_60k",
          "timestamp": 1755715663
        }
      ]
    },
    {
      "title": "",
      "media_list_data": [
        
      ],
      "string_list_data": [
        {
          "href": "https://www.instagram.com/followback.army",
          "value": "followback.army",
          "timestamp": 1755715663
        }
      ]
    },
    {
      "title": "",
      "media_list_data": [
        
      ],
      "string_list_data": [
        {
          "href": "https://www.instagram.com/ish0w_speed",
          "value": "ish0w_speed",
          "timestamp": 1755715663
        }
      ]
    },
    {
      "title": "",
      "media_list_data": [
        
      ],
      "string_list_data": [
        {
          "href": "https://www.instagram.com/hudabubbaaa",
          "value": "hudabubbaaa",
          "timestamp": 1755715663
        }
      ]
    },
    {
      "title": "",
      "media_list_data": [
        
      ],
      "string_list_data": [
        {
          "href": "https://www.instagram.com/davidgoggins",
          "value": "davidgoggins",
          "timestamp": 1755715663
        }
      ]
    },
    {
      "title": "",
      "media_list_data": [
        
      ],
      "string_list_data": [
        {
          "href": "https://www.instagram.com/mrbeast",
          "value": "mrbeast",
          "timestamp": 1755715663
        }
      ]
    },
    {
      "title": "",
      "media_list_data": [
        
      ],
      "string_list_data": [
        {
          "href": "https://www.instagram.com/cristiano",
          "value": "cristiano",
          "timestamp": 1755715663
        }
      ]
    },
    {
      "title": "",
      "media_list_data": [
        
      ],
      "string_list_data": [
        {
          "href": "https://www.instagram.com/taylorswift",
          "value": "taylorswift",
          "timestamp": 1755715663
        }
      ]
    },
    {
      "title": "",
      "media_list_data": [
        
      ],
      "string_list_data": [
        {
          "href": "https://www.instagram.com/ddlovato",
          "value": "ddlovato",
          "timestamp": 1755715663
        }
      ]
    },
    {
      "title": "",
      "media_list_data": [
        
      ],
      "string_list_data": [
        {
          "href": "https://www.instagram.com/theweeknd",
          "value": "theweeknd",
          "timestamp": 1755715663
        }
      ]
    },
    {
      "title": "",
      "media_list_data": [
        
      ],
      "string_list_data": [
        {
          "href": "https://www.instagram.com/badbunnypr",
          "value": "badbunnypr",
          "timestamp": 1755715663
        }
      ]
    }
  ]
}