[
  {
    "title": "",
    "media_list_data": [
      
    ],
    "string_list_data": [
      {
        "href": "https://www.instagram.com/little._mochi_x1",
        "value": "little._mochi_x1",
        "timestamp": 1755850561
      }
    ]
  },
  {
    "title": "",
    "media_list_data": [
      
    ],
    "string_list_data": [
      {
        "href": "https://www.instagram.com/cassidyxdonald",
        "value": "cassidyxdonald",
        "timestamp": 1755720310
      }
    ]
  },
  {
    "title": "",
    "media_list_data": [
      
    ],
    "string_list_data": [
      {
        "href": "https://www.instagram.com/noobiticjjttv",
        "value": "noobiticjjttv",
        "timestamp": 1755718190
      }
    ]
  },
  {
    "title": "",
    "media_list_data": [
      
    ],
    "string_list_data": [
      {
        "href": "https://www.instagram.com/lewis2hamiltons",
        "value": "lewis2hamiltons",
        "timestamp": 1755717757
      }
    ]
  }
]